name,average_attack,average_defense
Infantry,3.3333333333333335,3.0
Cavalry,4.333333333333333,2.6666666666666665
Archers,2.6666666666666665,2.0
